{
  "syntactic": {
    "mean": 0.15122716293219268,
    "std": 0.2223114776130167,
    "se": 0.04359886778632376,
    "cohens_d": 0.6802490116836778,
    "n": 26,
    "bits": 2.2529160176562395,
    "95_ci_lower": 0.06577338207099812,
    "95_ci_upper": 0.23668094379338725
  },
  "semantic": {
    "mean": 0.08119306143997748,
    "std": 0.11380169387157645,
    "se": 0.024833565541937677,
    "cohens_d": 0.7134609220457006,
    "n": 21,
    "bits": 1.2095786569949127,
    "95_ci_lower": 0.03251927297777964,
    "95_ci_upper": 0.12986684990217534
  },
  "morphological": {
    "mean": 0.07357462313610268,
    "std": 0.12063322515519538,
    "se": 0.028433523847880757,
    "cohens_d": 0.6099034742828808,
    "n": 18,
    "bits": 1.0960825009371464,
    "95_ci_lower": 0.017844916394256394,
    "95_ci_upper": 0.12930432987794896
  }
}