{
  "timestamp": "2025-09-03 10:07:48.388787",
  "original_experiment": {
    "n": 30,
    "mean": 0.030498822899889668,
    "std": 0.03701455993732502,
    "cohens_d": 0.8239682695547877,
    "bits": 0.4543581014055733
  },
  "expanded_experiment": {
    "n": 655,
    "mean": 0.10911661206903196,
    "std": 0.20115768304089052,
    "p_value": 0.0
  },
  "causality_test": {
    "original": 0.01874168676896215,
    "masked": 1.881385047752815e-08,
    "partial": 0.020983417060776333,
    "reduction_percent": 99.99989961495616
  },
  "semantic_validity": {
    "correlation_r": 0.2685709734583514,
    "correlation_p": 0.826897231871537
  },
  "ambiguity_types": {
    "syntactic": {
      "mean": 0.15122716293219268,
      "std": 0.2223114776130167,
      "se": 0.04359886778632376,
      "cohens_d": 0.6802490116836778,
      "n": 26,
      "bits": 2.2529160176562395,
      "95_ci_lower": 0.06577338207099812,
      "95_ci_upper": 0.23668094379338725
    },
    "semantic": {
      "mean": 0.08119306143997748,
      "std": 0.11380169387157645,
      "se": 0.024833565541937677,
      "cohens_d": 0.7134609220457006,
      "n": 21,
      "bits": 1.2095786569949127,
      "95_ci_lower": 0.03251927297777964,
      "95_ci_upper": 0.12986684990217534
    },
    "morphological": {
      "mean": 0.07357462313610268,
      "std": 0.12063322515519538,
      "se": 0.028433523847880757,
      "cohens_d": 0.6099034742828808,
      "n": 18,
      "bits": 1.0960825009371464,
      "95_ci_lower": 0.017844916394256394,
      "95_ci_upper": 0.12930432987794896
    }
  }
}